lat,lon,Sample No.,Sample ID,Family,Taxon,Station,CorrectedDelta13CPDB,CorrectedDelta15Nair,SL (mm),C:N,Sex/Age,Gape (cm),Otoliths removed,Stomach dissected and frozen
-65.217,91.883,1,MIDOC15_2_17,Myctophidae,Electrona antarctica,15,-25.93,8.27,79.503,3.323708207,,,,
-65.217,91.883,2,MIDOC15_2_18,Myctophidae,Electrona antarctica,15,-25.94,7.79,74.396,5.543609023,,,Y,
-65.217,91.883,3,MIDOC15_2_19,Myctophidae,Electrona antarctica,15,-25.29,7.87,68.993,3.306930693,,,Y,
-65.217,91.883,4,MIDOC15_2_20,Myctophidae,Electrona antarctica,15,-23.93,7.96,66.046,3.27511592,,,Y,
-65.217,91.883,5,MIDOC15_2_21,Myctophidae,Electrona antarctica,15,-25.61,8.38,52.991,3.252153485,,,,
-65.217,91.883,6,MIDOC15_2_04,Bathylagidae,Bathylagus sp,15,-25.36,9.95,120.032,3.241496599,,,,
-65.217,91.883,7,MIDOC15_2_05,Bathylagidae,Bathylagus sp,15,-25.02,8.94,95.002,3.221854305,,,,
-65.217,91.883,8,MIDOC15_2_06,Bathylagidae,Bathylagus sp,15,-24.85,9.45,99.035,3.254098361,,,,
-65.217,91.883,9,MIDOC15_2_07,Bathylagidae,Bathylagus sp,15,-25.6,9.62,99.745,3.277202073,,,,
-65.217,91.883,10,MIDOC15_2_11,Bathylagidae,Bathylagus sp,15,-24.78,9.24,163.008,3.197171381,,,,
-65.217,91.883,11,MIDOC15_2_31,Myctophidae,Gymnoscopelus opisthopterus,15,-25.68,9.61,93.744,3.3203125,,,Y (ONE),
-65.217,91.883,12,MIDOC15_2_32,Myctophidae,Gymnoscopelus opisthopterus,15,-24.89,8.57,153.217,3.322631167,,,Y,
-65.217,91.883,13,MIDOC15_2_33,Myctophidae,Gymnoscopelus opisthopterus,15,-25.45,10.01,66.14,3.237560193,,,,
-65.217,91.883,14,MIDOC15_2_34,Myctophidae,Gymnoscopelus opisthopterus,15,-25.35,8.75,172.559,3.361389961,,,Y,
-65.217,91.883,15,MIDOC15_2_35,Myctophidae,Gymnoscopelus opisthopterus,15,-24.61,9.65,60.178,3.280497925,,,Y,
-65.217,91.883,16,MIDOC15_2_09,Paralepididae,Notolepis coatsi,15,-24.22,5.87,201.93,3.273082942,,,,
-65.217,91.883,17,MIDOC15_2_10,Paralepididae,Notolepis coatsi,15,-26.94,6.07,201.808,3.242156074,,,,
-65.217,91.883,18,MIDOC15_2_12,Paralepididae,Notolepis coatsi,15,-24.78,6.1,184.141,3.225707728,,,,
-65.217,91.883,19,MIDOC15_2_13,Paralepididae,Notolepis coatsi,15,-25.61,7.46,122.918,3.288624788,,,,
-65.217,91.883,20,MIDOC15_2_15,Paralepididae,Notolepis coatsi,15,-25.73,7.12,86.221,3.231372549,,,,
-65.217,91.883,21,MIDOC15_2_08,Scopelarchidae,Benthalbella elongata,15,-23.54,8.41,260.362,3.236434109,,,,
-64.317,89.8,22,MIDOC16_2_02,Bathylagidae,Bathylagus sp,16,-25.66,8.95,158.208,3.246455834,,,,
-64.317,89.8,23,MIDOC16_2_06,Bathylagidae,Bathylagus sp,16,-25.7,9.19,138.22,3.273031826,,,,
-64.317,89.8,24,MIDOC16_2_07,Bathylagidae,Bathylagus sp,16,-25.11,9.44,120.968,3.214814815,,,,
-64.317,89.8,25,MIDOC16_2_09,Bathylagidae,Bathylagus sp,16,-25.06,9.38,139.798,3.243442623,,,,
-64.317,89.8,26,MIDOC16_2_10,Bathylagidae,Bathylagus sp,16,-24.53,9.49,154.613,3.194267516,,,,
-64.317,89.8,27,MIDOC16_2_48,Scopelarchidae,Benthalbella elongata,16,-23.75,9.06,229.244,3.24756189,,,,
-64.317,89.8,28,MIDOC16_3_07,Myctophidae,Electrona antarctica,16,-25.43,7.98,88.593,3.305122494,,,Y,
-64.317,89.8,29,MIDOC16_3_08,Myctophidae,Electrona antarctica,16,-25.21,7.63,76.029,3.308567096,,,Y,
-64.317,89.8,30,MIDOC16_3_09,Myctophidae,Electrona antarctica,16,-24.48,7.5,67.407,2.583436341,,,Y,
-64.317,89.8,31,MIDOC16_3_10,Myctophidae,Electrona antarctica,16,-24.45,7.84,58.228,3.265069552,,,,
-64.317,89.8,32,MIDOC16_3_11,Myctophidae,Electrona antarctica,16,-25.71,9.29,47.99,3.282389449,,,Y,
-64.317,89.8,33,MIDOC16_3_16,Myctophidae,Krefftichthys anderssoni,16,-25.89,7.79,57.819,3.437201908,,,,
-64.317,89.8,34,MIDOC16_3_17,Myctophidae,Krefftichthys anderssoni,16,-26.32,8.32,54.385,3.424460432,,,,
-64.317,89.8,35,MIDOC16_3_18,Paralepididae,Notolepis coatsi,16,-24.62,5.97,203.986,3.244680851,,,,
-64.317,89.8,36,MIDOC16_3_20,Paralepididae,Notolepis coatsi,16,-26.34,7.57,88.626,3.231974922,,,,
-64.317,89.8,37,MIDOC16_3_22,Myctophidae,Nannobrachium achirus,16,-23.17,9.45,115.989,3.211119459,,,Y,
-64.317,89.8,38,MIDOC16_3_27,Myctophidae,Gymnoscopelus nicholsi,16,-22.26,9.18,140.075,3.373959122,,,Y,
-64.317,89.8,39,MIDOC16_3_28,Myctophidae,Gymnoscopelus braueri,16,-25,8.96,112.68,3.345941686,,,Y,
-64.317,89.8,40,MIDOC16_3_29,Myctophidae,Gymnoscopelus braueri,16,-25.21,9.07,84.459,3.247199403,,,Y,
-64.317,89.8,1,MIDOC16_3_30,Myctophidae,Gymnoscopelus braueri,16,-23.92,9.15,105.221,3.270972532,,,Y,
-64.317,89.8,2,MIDOC16_4_10,Paralepididae,Notolepis coatsi,16,-26.14,7.14,127.002,3.267255217,,,,
-64.317,89.8,3,MIDOC16_4_12,Myctophidae,Protomyctophum bolini,16,-23.37,8.22,52.594,3.337795276,,,Y,
-63.5898,88.2175,4,MIDOC17_2_01,Bathylagidae,Bathylagus sp,17,-24.73,9.15,172.133,3.205761317,,,,
-63.5898,88.2175,5,MIDOC17_2_02,Bathylagidae,Bathylagus sp,17,-25.61,9.85,85.409,3.238929889,,,,
-63.5898,88.2175,6,MIDOC17_2_03,Bathylagidae,Bathylagus sp,17,-25.21,9.34,150.98,3.25,,,,
-63.5898,88.2175,7,MIDOC17_2_04,Bathylagidae,Bathylagus sp,17,-26.04,9.19,124.421,3.207125104,,,,
-63.5898,88.2175,8,MIDOC17_2_05,Bathylagidae,Bathylagus sp,17,-25.71,10.6,81.662,3.187648456,,,,
-63.5898,88.2175,9,MIDOC17_2_17,Myctophidae,Electrona antarctica,17,-24.73,7.97,78.087,3.294938918,,,Y,
-63.5898,88.2175,10,MIDOC17_2_18,Myctophidae,Electrona antarctica,17,-24.57,7.51,59.659,3.326120556,,,,
-63.5898,88.2175,11,MIDOC17_2_19,Myctophidae,Electrona antarctica,17,-25.65,7.64,60.614,3.270800628,,,Y,
-63.5898,88.2175,12,MIDOC17_2_20,Myctophidae,Electrona antarctica,17,-24.71,7.46,64.304,3.282828283,,,,
-63.5898,88.2175,13,MIDOC17_2_21,Myctophidae,Electrona antarctica,17,-25.06,7.1,72.846,3.272588055,,,Y,
-63.5898,88.2175,14,MIDOC17_2_12,Myctophidae,Gymnoscopelus opisthopterus,17,-25.43,8.61,168.021,3.301829268,,,Y,
-63.5898,88.2175,15,MIDOC17_2_13,Myctophidae,Gymnoscopelus opisthopterus,17,-25.19,8.5,163.952,3.287528006,,,Y,
-63.5898,88.2175,16,MIDOC17_2_14,Myctophidae,Gymnoscopelus opisthopterus,17,-24.3,8.69,145.159,3.361436378,,,Y,
-63.5898,88.2175,17,MIDOC17_2_15,Myctophidae,Gymnoscopelus opisthopterus,17,-25.22,8.64,86.148,3.245185185,,,Y,
-63.5898,88.2175,18,MIDOC17_2_16,Myctophidae,Gymnoscopelus opisthopterus,17,-25.89,9.72,90.223,3.18468824,,,Y,
-63.5898,88.2175,19,MIDOC17_3_25,Paralepididae,Notolepis sp,17,-25.91,7.44,137.613,3.216810683,,,,
-63.5898,88.2175,20,MIDOC17_4_06,Paralepididae,Notolepis sp,17,-24.18,6.53,187.951,3.214001591,,,,
-63.5898,88.2175,21,MIDOC17_5_10,Myctophidae,Krefftichthys anderssoni,17,-24.2,8.45,50.38,3.401465798,,,,
-63.5898,88.2175,22,MIDOC17_5_11,Myctophidae,Krefftichthys anderssoni,17,-24,8.19,49.479,3.314741036,,,,
-63.5898,88.2175,23,MIDOC17_5_12,Myctophidae,Krefftichthys anderssoni,17,-24.44,8.69,45.163,3.317932655,,,,
-63.1097,87.2567,24,MIDOC18_2_02,Bathylagidae,Bathylagus sp,18,-24.74,9.38,170.895,3.182876143,,,,
-63.1097,87.2567,25,MIDOC18_2_03,Bathylagidae,Bathylagus sp,18,-25.28,9.58,140.635,3.234449761,,,,
-63.1097,87.2567,26,MIDOC18_2_04,Bathylagidae,Bathylagus sp,18,-24.91,9.93,127.968,3.193025142,,,,
-63.1097,87.2567,27,MIDOC18_2_05,Bathylagidae,Bathylagus sp,18,-24.46,10.24,104.157,3.216706068,,,,
-63.1097,87.2567,28,MIDOC18_2_06,Bathylagidae,Bathylagus sp,18,-24.95,8.92,155.587,3.203456402,,,,
-63.1097,87.2567,29,MIDOC18_2_14,Myctophidae,Gymnoscopelus braueri,18,-24.94,8.74,128.756,3.315594974,,,Y,
-63.1097,87.2567,30,MIDOC18_2_15,Myctophidae,Gymnoscopelus braueri,18,-23.58,8.14,87.915,3.228870606,,,,
-63.1097,87.2567,31,MIDOC18_2_16,Myctophidae,Gymnoscopelus braueri,18,-24.53,9,92.973,3.226726727,,,Y,
-63.1097,87.2567,32,MIDOC18_2_17,Myctophidae,Gymnoscopelus braueri,18,-25.08,8.51,109.186,3.261348006,,,Y,
-63.1097,87.2567,1,MIDOC18_2_18,Myctophidae,Gymnoscopelus braueri,18,-23.98,9.04,96.575,3.227722772,,,Y,
-63.1097,87.2567,2,MIDOC18_2_20,Myctophidae,Electrona antarctica,18,-25.59,8.89,89.006,3.358819076,F,,Y,
-63.1097,87.2567,3,MIDOC18_2_21,Myctophidae,Electrona antarctica,18,-24.79,8.45,81.37,3.269731801,M,,Y,
-63.1097,87.2567,4,MIDOC18_2_22,Myctophidae,Electrona antarctica,18,-24.42,7.76,52.641,3.25,F,,Y,
-63.1097,87.2567,5,MIDOC18_2_23,Myctophidae,Electrona antarctica,18,-24.61,8.98,64.926,3.253353204,F,,Y,
-63.1097,87.2567,6,MIDOC18_2_24,Myctophidae,Electrona antarctica,18,-25.65,7.53,75.635,3.320581484,M,,Y,
-63.1097,87.2567,7,MIDOC18_2_28,Melanonidae,Melanonus sp,18,-22.46,9.93,173.445,3.283048212,,,,
-63.1097,87.2567,8,MIDOC18_2_32,Scopelarchidae,Benthalbella elongata,18,-23.35,8.52,191.409,3.279911374,,,,
-63.1097,87.2567,9,MIDOC18_2_33,Melanonidae,Melanonus sp,18,-22.84,9.65,173.445,3.270353303,,,,
-63.1097,87.2567,10,MIDOC18_2_38,Myctophidae,Krefftichthys anderssoni,18,-26.17,8.11,58.208,3.370283019,,,,
-63.1097,87.2567,11,MIDOC18_2_39,Myctophidae,Krefftichthys anderssoni,18,-25.83,7.25,64.527,3.507064364,,,,
-63.1097,87.2567,12,MIDOC18_3_09,Myctophidae,Lampanyctus sp,18,-23.64,9.08,121.87,3.303099017,,,Y,
-63.1097,87.2567,13,MIDOC18_3_10,Melanonidae,Melanonus sp,18,-22.71,9.21,157.251,3.248840804,,,,
-63.1097,87.2567,14,MIDOC18_3_11,Paralepididae,Notolepis sp,18,-25.91,6.52,205.321,3.213953488,,,,
-63.1097,87.2567,15,MIDOC18_3_18,Myctophidae,Krefftichthys anderssoni,18,-24.89,6.94,45.958,3.44964314,,,,
-63.1097,87.2567,16,MIDOC18_3_19,Myctophidae,Krefftichthys anderssoni,18,-26.25,7.72,40.047,3.464671654,,,,
-61.9232,85.0737,4,MIDOC19_2_01,Bathylagidae,Bathylagus sp,19,-25.16,9.1,170.077,3.245564893,,,,
-61.9232,85.0737,5,MIDOC19_2_02,Bathylagidae,Bathylagus sp,19,-24.69,9.75,148.012,3.218210361,,,,
-61.9232,85.0737,6,MIDOC19_2_03,Bathylagidae,Bathylagus sp,19,-25.14,10.82,93.749,3.209546926,,,,
-61.9232,85.0737,7,MIDOC19_2_04,Bathylagidae,Bathylagus sp,19,-24.85,8.85,115.264,3.187845304,,,,
-61.9232,85.0737,9,MIDOC19_2_29,Gempylidae,Paradiplospinus gracilis,19,-23.83,9.04,331.029,3.164615385,,,,
-61.9232,85.0737,10,MIDOC19_2_30,Gempylidae,Paradiplospinus gracilis,19,-23.54,8.72,328.663,3.251145038,,,,
-61.9232,85.0737,11,MIDOC19_2_10,Myctophidae,Gymnoscopelus braueri,19,-24.92,8.26,122.203,3.269005848,,,Y,
-61.9232,85.0737,12,MIDOC19_2_11,Myctophidae,Gymnoscopelus braueri,19,-24.79,9.03,66.281,3.215954875,,,Y,
-61.9232,85.0737,13,MIDOC19_2_12,Myctophidae,Gymnoscopelus braueri,19,-23.36,9.23,99.188,3.23088685,,,Y,
-61.9232,85.0737,14,MIDOC19_2_13,Myctophidae,Gymnoscopelus braueri,19,-24.78,8.38,71.451,3.282307692,,,Y,
-61.9232,85.0737,15,MIDOC19_2_14,Myctophidae,Gymnoscopelus braueri,19,-24.04,8.8,80.842,3.264931087,,,Y,
-61.9232,85.0737,16,MIDOC19_2_24,Myctophidae,Krefftichthys anderssoni,19,-26.54,7.49,65.516,3.584501237,,,,
-61.9232,85.0737,17,MIDOC19_2_18,Myctophidae,Electrona antarctica,19,-25.55,8.08,97.36,3.337376801,,,Y (ONE),
-61.9232,85.0737,19,MIDOC19_2_20,Myctophidae,Electrona antarctica,19,-26.01,8.64,28.442,3.304038005,,,,
-61.9232,85.0737,20,MIDOC19_2_21,Myctophidae,Electrona antarctica,19,-25.12,8.22,76.049,3.278030303,,,Y,
-61.9232,85.0737,21,MIDOC19_2_22,Myctophidae,Electrona antarctica,19,-25.53,8.09,82.671,3.335086401,,,Y,
-61.9232,85.0737,22,MIDOC19_3_08,Scopelarchidae,Benthalbella macropinna,19,-24.12,8.45,188.567,3.218538056,,,,
-61.9232,85.0737,23,MIDOC19_3_09,Microstomatidae,Nansenia antarctica,19,-24.41,9.47,192.212,3.259681093,,,,
-61.9232,85.0737,24,MIDOC19_3_21,Myctophidae,Krefftichthys anderssoni,19,-25.02,6.96,62.447,3.459159397,,,,
-61.9232,85.0737,25,MIDOC19_3_22,Myctophidae,Krefftichthys anderssoni,19,-26.47,7.97,59.283,3.439739414,,,,
-61.9232,85.0737,27,MIDOC_19_4_06,Myctophidae,Protomyctophum bolini,19,-25.21,9,50.903,3.32248062,M,,Y,
-61.9232,85.0737,28,MIDOC19_4_07,Myctophidae,Protomyctophum bolini,19,-24.54,8.06,50.828,3.359655981,M,,Y,
-61.9232,85.0737,29,MIDOC_19_4_08,Myctophidae,Protomyctophum bolini,19,-24.21,8.69,44.757,3.32421875,F,,Y,
-61.9232,85.0737,30,MIDOC_19_4_09,Myctophidae,Protomyctophum bolini,19,-24.43,8.63,49.393,3.361801242,M,,Y,
-61.9232,85.0737,32,MIDOC19_5_07,Myctophidae,Krefftichthys anderssoni,19,-25.41,8.07,71.34,3.359576079,,,,
-61.2017,83.8628,17,MIDOC20_2_01,Bathylagidae,Bathylagus sp,20,-24.88,9.82,192.535,3.224774405,,,,
-61.2017,83.8628,18,MIDOC20_2_02,Bathylagidae,Bathylagus sp,20,-24.39,9.72,151.487,3.200790514,,,,
-61.2017,83.8628,19,MIDOC20_2_03,Bathylagidae,Bathylagus sp,20,-25.79,11.09,118.755,3.212334114,,,,
-61.2017,83.8628,20,MIDOC20_2_05,Bathylagidae,Bathylagus sp,20,-24.47,9.63,95.435,3.194915254,,,,
-61.2017,83.8628,21,MIDOC20_2_06,Bathylagidae,Bathylagus sp,20,-24.46,9.48,107.693,3.173638516,,,,
-61.2017,83.8628,22,MIDOC20_2_14,Myctophidae,Gymnoscopelus opisthopterus,20,-25.74,9.71,120.791,3.233671988,,,Y,
-61.2017,83.8628,23,MIDOC20_2_15,Myctophidae,Gymnoscopelus opisthopterus,20,-25.31,10.22,129.625,3.291603053,,,Y,
-61.2017,83.8628,24,MIDOC20_2_16,Myctophidae,Gymnoscopelus braueri,20,-23.74,9.77,79.123,3.208875287,,,Y,
-61.2017,83.8628,25,MIDOC20_2_17,Myctophidae,Gymnoscopelus braueri,20,-25.08,9.02,77.322,3.264108352,,,Y,
-61.2017,83.8628,26,MIDOC20_2_18,Myctophidae,Gymnoscopelus braueri,20,-23.67,8.57,73.924,3.232129131,,,Y,
-61.2017,83.8628,27,MIDOC20_2_19,Myctophidae,Electrona antarctica,20,-25.95,8.89,97.318,3.375565611,F,,Y,
-61.2017,83.8628,28,MIDOC20_2_20,Myctophidae,Electrona antarctica,20,-25.34,8.49,58.731,3.229071537,M,,Y,
-61.2017,83.8628,29,MIDOC20_2_21,Myctophidae,Electrona antarctica,20,-24.77,7.51,50.696,3.263736264,F,,Y,
-61.2017,83.8628,30,MIDOC20_2_22,Myctophidae,Electrona antarctica,20,-25.01,8.5,61.821,3.300775194,F,,Y,
-61.2017,83.8628,31,MIDOC20_2_27,Myctophidae,Krefftichthys anderssoni,20,-25.9,7.14,66.509,3.433947773,,,,
-61.2017,83.8628,32,MIDOC20_2_28,Myctophidae,Krefftichthys anderssoni,20,-25.34,6.97,65.402,3.49726776,,,,
-61.2017,83.8628,33,MIDOC20_2_29,Myctophidae,Krefftichthys anderssoni,20,-25.7,7.23,64.34,3.416413374,,,,
-61.2017,83.8628,34,MIDOC20_2_30,Myctophidae,Krefftichthys anderssoni,20,-25.19,7.41,67.057,3.433858268,,,,
-61.2017,83.8628,35,MIDOC20_2_31,Myctophidae,Krefftichthys anderssoni,20,-26.4,7.95,60.47,3.364687741,,,,
-61.2017,83.8628,36,MIDOC20_2_33,Paralepididae,Notolepis sp,20,-26.15,6.49,101.163,3.312760634,,,,
-61.2017,83.8628,37,MIDOC20_2_34,Paralepididae,Notolepis sp,20,-25.85,6.25,120.131,3.191855912,,,,
-61.2017,83.8628,38,MIDOC20_3_16,Stomiidae,Stomias sp,20,-24.01,9.89,201.58,3.231678487,,,,
-61.2017,83.8628,40,MIDOC20_5_24,Melanonidae,Melanonus sp,20,-22.95,8.99,144.655,3.256448047,,,,
-61.2017,83.8628,1,MIDOC20_5_25,Melanonidae,Melanonus sp,20,-23.13,9.32,154.817,3.21697417,,,,
-61.2017,83.8628,2,MIDOC20_5_26,Melanonidae,Melanonus sp,20,-23.82,8.58,150.838,3.227306827,,,,
-61.2017,83.8628,3,MIDOC20_5_27,Melanonidae,Melanonus sp,20,-22.81,9.3,176.258,3.267638037,,,,
-60.3617,82.5483,33,MIDOC21_2_01,Scopelarchidae,Benthalbella elongata,21,-23.75,9.07,175,3.228278041,,,,
-60.3617,82.5483,34,MIDOC21_2_02,Bathylagidae,Bathylagus sp,21,-25.18,8.84,140,3.198212835,,,,
-60.3617,82.5483,35,MIDOC21_2_04,Myctophidae,Krefftichthys anderssoni,21,-26.01,7.55,61,3.556692242,,,,
-60.3617,82.5483,36,MIDOC21_2_16,Myctophidae,Electrona antarctica,21,-26.2,9.11,71,3.313787639,M,,Y,
-60.3617,82.5483,37,MIDOC21_2_17,Myctophidae,Electrona antarctica,21,-25.68,7.89,56,3.375494071,M,,Y,
-60.3617,82.5483,38,MIDOC21_2_29,Myctophidae,Electrona antarctica,21,-25.56,8.32,56,3.358361775,M,,Y,
-60.3617,82.5483,39,MIDOC21_2_20,Myctophidae,Electrona antarctica,21,-24.56,7.73,61,3.360601002,M,,Y,
-60.3617,82.5483,40,MIDOC21_2_21,Myctophidae,Electrona antarctica,21,-24.58,7.72,61,3.323434992,F,,Y,
-60.3617,82.5483,1,MIDOC21_3_02,Myctophidae,Gymnoscopelus nicholsi,21,-21.93,9.6,134.99,3.360655738,,,Y,
-60.3617,82.5483,3,MIDOC21_3_04,Myctophidae,Gymnoscopelus braueri,21,-25.32,9.04,84.982,3.281938326,,,Y,
-60.3617,82.5483,4,MIDOC21_3_05,Myctophidae,Gymnoscopelus braueri,21,-24.2,9.08,81.867,3.265925926,,,Y,
-60.3617,82.5483,5,MIDOC21_3_03,Myctophidae,Gymnoscopelus braueri,21,-24.19,8.74,77.718,3.209302326,,,Y,
-60.3617,82.5483,6,MIDOC21_3_09,Bathylagidae,Bathylagus sp,21,-25.63,8.75,162.966,3.192667707,,,,
-60.3617,82.5483,7,MIDOC21_3_10,Bathylagidae,Bathylagus sp,21,-25.39,9.42,134.277,3.214862682,,,,
-60.3617,82.5483,8,MIDOC21_3_11,Bathylagidae,Bathylagus sp,21,-24.83,9.81,128.313,3.171749599,,,,
-60.3617,82.5483,9,MIDOC21_3_12,Bathylagidae,Bathylagus sp,21,-24.67,9.21,93.761,3.265762171,,,,
-60.3617,82.5483,10,MIDOC21_4_14,Myctophidae,Protomyctophum bolini,21,-24.09,8.82,47.961,3.323076923,M,,Y,
-60.3617,82.5483,11,MIDOC21_4_15,Myctophidae,Protomyctophum bolini,21,-24.07,8.25,43.189,3.349688474,M,,Y,
-60.3617,82.5483,12,MIDOC21_4_16,Myctophidae,Protomyctophum bolini,21,-23.81,8.91,44.74,3.303396226,F,,Y,
-60.3617,82.5483,13,MIDOC21_4_17,Myctophidae,Protomyctophum bolini,21,-24.5,8.74,48.388,3.296097934,F,,Y,
-60.3617,82.5483,14,MIDOC21_4_18,Myctophidae,Protomyctophum bolini,21,-24.34,8.97,39.316,3.261849262,F,,Y,
-59.3627,81.1033,15,MIDOC22_2_07,Myctophidae,Electrona antarctica,22,-25.78,8.7,92.463,3.245702006,F,,Y,
-59.3627,81.1033,16,MIDOC22_2_08,Myctophidae,Electrona antarctica,22,-23.88,8.27,81.509,3.792501505,M,,Y,
-59.3627,81.1033,17,MIDOC22_2_09,Myctophidae,Electrona antarctica,22,-25.95,9.34,43.638,3.271089271,,,Y,
-59.3627,81.1033,18,MIDOC22_2_10,Myctophidae,Electrona antarctica,22,-25.13,7.75,59.496,3.358004827,M,,Y,
-59.3627,81.1033,19,MIDOC22_2_11,Myctophidae,Electrona antarctica,22,-25.39,8.13,79.753,3.288307916,M,,Y,
-59.3627,81.1033,20,MIDOC22_3_08,Bathylagidae,Bathylagus sp,22,-23.29,9.22,165.836,3.010975522,,,,
-59.3627,81.1033,21,MIDOC22_3_09,Bathylagidae,Bathylagus sp,22,-24.69,9.42,80.303,3.138443078,,,,
-59.3627,81.1033,22,MIDOC22_3_10,Bathylagidae,Bathylagus sp,22,-25.35,10.72,142.33,3.220389805,,,,
-59.3627,81.1033,23,MIDOC22_3_11,Bathylagidae,Bathylagus sp,22,-24.97,10.4,118.146,3.236460717,,,,
-59.3627,81.1033,24,MIDOC22_3_12,Bathylagidae,Bathylagus sp,22,-26.32,9.86,107.855,3.192667707,,,,
-59.3627,81.1033,25,MIDOC22_3_17,Myctophidae,Krefftichthys anderssoni,22,-25.23,7.93,42.153,3.462709285,,,,
-59.3627,81.1033,26,MIDOC22_3_18,Myctophidae,Krefftichthys anderssoni,22,-26.04,9.34,69.235,3.359576079,,,,
-59.3627,81.1033,27,MIDOC22_3_19,Myctophidae,Krefftichthys anderssoni,22,-25.73,7.75,60.066,3.323018868,,,,
-59.3627,81.1033,28,MIDOC22_3_20,Myctophidae,Krefftichthys anderssoni,22,-25.93,6.97,65.494,3.435445068,,,,
-59.3627,81.1033,29,MIDOC22_3_21,Myctophidae,Gymnoscopelus braueri,22,-24.34,8.6,101.224,3.268796992,,,Y,
-59.3627,81.1033,30,MIDOC22_3_23,Myctophidae,Nannobrachium achirus,22,-25.01,9.72,135.46,3.250569476,,,Y,
-59.3627,81.1033,31,MIDOC22_3_24,Myctophidae,Gymnoscopelus braueri,22,-22.2,9.71,97.108,3.247082553,,,Y,
-59.3627,81.1033,32,MIDOC22_3_25,Myctophidae,Gymnoscopelus braueri,22,-23.1,10.56,71.866,2.750566728,,,Y,
-59.3627,81.1033,33,MIDOC22_3_26,Myctophidae,Gymnoscopelus braueri,22,-24.49,8.19,63.209,3.240145985,,,Y,
-59.3627,81.1033,38,MIDOC22_5_16,Myctophidae,Protomyctophum bolini,22,-24.31,8.6,35.242,3.272230889,M,,Y,
-59.3627,81.1033,39,MIDOC22_5_18,Myctophidae,Protomyctophum bolini,22,-22.51,8.39,43.102,3.287150147,M,,Y,
-59.3627,81.1033,40,MIDOC22_5_19,Myctophidae,Protomyctophum bolini,22,-23.2,7.64,51.132,3.243274854,M,,Y,
-59.3627,81.1033,2,MIDOC22_5_21,Myctophidae,Protomyctophum bolini,22,-22.73,7.89,42.533,3.303944668,M,,Y,
-58.6578,80.1522,3,MIDOC23_2_12,Myctophidae,Krefftichthys anderssoni,23,-24.84,6.63,70.938,3.443136631,,,,
-58.6578,80.1522,4,MIDOC23_2_13,Myctophidae,Krefftichthys anderssoni,23,-25.43,7.84,66.16,3.446875,,,,
-58.6578,80.1522,5,MIDOC23_2_14,Myctophidae,Protomyctophum bolini,23,-24.45,8.7,51.198,3.292906178,F,,Y,
-58.6578,80.1522,6,MIDOC23_2_15,Myctophidae,Krefftichthys anderssoni,23,-25.25,6.67,70.412,3.384908537,,,,
-58.6578,80.1522,7,MIDOC23_2_16,Myctophidae,Krefftichthys anderssoni,23,-25.63,6.86,62.624,3.387665635,,,,
-58.6578,80.1522,8,MIDOC23_2_30,Myctophidae,Electrona antarctica,23,-24.8,8.75,74.94,3.252554745,M,,Y,
-58.6578,80.1522,9,MIDOC23_2_31,Myctophidae,Electrona antarctica,23,-24.79,7.95,70.638,3.330866025,M,,Y,
-58.6578,80.1522,11,MIDOC23_2_35,Myctophidae,Electrona antarctica,23,-25.15,8.03,74.797,3.361132364,M,,Y,
-58.6578,80.1522,12,MIDOC23_2_36,Myctophidae,Electrona antarctica,23,-24.84,8.36,76.314,3.261549396,M,,Y,
-58.6578,80.1522,13,MIDOC23_3_01,Bathylagidae,Bathylagus sp,23,-23.24,8.87,170.099,3.214102245,,,,
-58.6578,80.1522,14,MIDOC23_3_02,Bathylagidae,Bathylagus sp,23,-25.89,8.92,151.984,3.141881639,,,,
-58.6578,80.1522,15,MIDOC23_3_03,Bathylagidae,Bathylagus sp,23,-24.19,9.26,147.76,3.214010778,,,,
-58.6578,80.1522,16,MIDOC23_3_04,Bathylagidae,Bathylagus sp,23,-23.51,10.2,109.127,3.181840194,,,,
-58.6578,80.1522,17,MIDOC23_3_05,Bathylagidae,Bathylagus sp,23,-26.33,9.87,110.555,3.241483724,,,,
-58.6578,80.1522,18,MIDOC23_3_23,Melanonidae,Melanonus sp,23,-20.62,8.65,119.133,3.260803639,,,,
-58.6578,80.1522,19,MIDOC23_4_31,Stomiidae,Borostomias antarcticus,23,-22.08,9.84,231.958,3.261536115,,,,
-58.6578,80.1522,20,MIDOC23_4_32,Stomiidae,Stomias sp,23,-23.36,9.87,260.443,3.243105951,,,,
-58.6578,80.1522,21,MIDOC23_4_33,Gempylidae,Paradiplospinus gracilis,23,-24.3,10.22,462.968,3.243362832,,,,
-58.6578,80.1522,22,MIDOC23_4_34,Gempylidae,Paradiplospinus gracilis,23,-23.19,8.16,319.793,3.214285714,,,,
-58.6578,80.1522,23,MIDOC23_4_37,Scopelarchidae,Benthalbella elongata,23,-22.92,8.89,209.611,3.431956721,,,,
-58.6578,80.1522,24,MIDOC23_4_38,Myctophidae,Gymnoscopelus nicholsi,23,-22.17,9.39,143.425,3.339869281,,,Y,
-58.6578,80.1522,25,MIDOC23_4_39,Myctophidae,Gymnoscopelus braueri,23,-23.85,8.69,123.554,3.559794222,,,Y,
-58.6578,80.1522,26,MIDOC23_4_40,Myctophidae,Gymnoscopelus nicholsi,23,-22.8,9.91,147.592,3.288557214,,,Y,
-58.6578,80.1522,27,MIDOC23_4_41,Myctophidae,Nannobrachium achirus,23,-23.71,8.96,119.191,3.163388805,,,Y,
-58.6578,80.1522,28,MIDOC23_4_43,Myctophidae,Gymnoscopelus fraseri,23,-23.62,6.87,74.509,3.284933646,,,Y,
-58.6578,80.1522,29,MIDOC23_4_35,Melanonidae,Melanonus sp,23,-22.54,9.74,161.698,3.225712199,,,,
-58.6578,80.1522,30,MIDOC23_5_09,Myctophidae,Protomyctophum bolini,23,-24.76,8.7,50.674,3.340667678,,,Y,
-58.6578,80.1522,31,MIDOC23_5_10,Myctophidae,Protomyctophum bolini,23,-22.67,8.7,47.335,3.256824471,F,,Y,
-58.6578,80.1522,32,MIDOC23_5_11,Myctophidae,Protomyctophum bolini,23,-24.18,8.25,51.525,3.216216216,,,Y,
-58.6578,80.1522,33,MIDOC23_5_12,Myctophidae,Protomyctophum bolini,23,-24.66,8.44,48.515,3.31981982,,,Y,
-59.9333,86.7,26,MIDOC30_2_39,Bathylagidae,Bathylagus sp,30,-24.23,9.48,67.365,3.24,,,,
-59.9333,86.7,27,MIDOC30_2_40,Bathylagidae,Bathylagus sp,30,-25.5,8.6,54.985,3.28,,,,
-59.9333,86.7,28,MIDOC30_2_41,Bathylagidae,Bathylagus sp,30,-23.42,9.46,112.918,3.22,,1,,
-59.9333,86.7,29,MIDOC30_2_42,Bathylagidae,Bathylagus sp,30,,,127.978,,,0.8,,
-59.9333,86.7,30,MIDOC30_2_43,Bathylagidae,Bathylagus sp,30,-24.97,10.21,157.36,3.19,,1.2,,
-59.9333,86.7,1,MIDOC30_2_02,Centrolophidae,Icichtys australis,30,,,232.125,,,0.7,,
-59.9333,86.7,17,MIDOC30_2_27,Myctophidae,Electrona antarctica,30,-24.91,9.4,103.488,3.28,F,1.3,Y,
-59.9333,86.7,18,MIDOC30_2_28,Myctophidae,Electrona antarctica,30,-25.27,7.59,68.697,3.33,F,1,Y,
-59.9333,86.7,19,MIDOC30_2_29,Myctophidae,Electrona antarctica,30,-24.85,8.65,58.414,3.28,M,0.6,Y,
-59.9333,86.7,20,MIDOC30_2_30,Myctophidae,Electrona antarctica,30,-24.41,9.57,32.596,3.33,LARVAL,0.3,,
-59.9333,86.7,21,MIDOC30_2_31,Myctophidae,Electrona antarctica,30,-24.49,7.35,55.779,3.22,F,0.7,Y,
-59.9333,86.7,8,MIDOC30_2_16,Myctophidae,Gymnoscopelus bolini,30,-23.29,9.64,124.09,3.24,,1,Y,
-59.9333,86.7,11,MIDOC30_2_19,Myctophidae,Gymnoscopelus bolini,30,-23.25,8.95,96.479,3.24,,0.8,Y,
-59.9333,86.7,12,MIDOC30_2_33,Myctophidae,Gymnoscopelus braueri,30,-24.49,8.64,76.74,3.22,,1,,
-59.9333,86.7,13,MIDOC30_2_34,Myctophidae,Gymnoscopelus braueri,30,-23.47,9.4,97.647,3.2,,1.3,,
-59.9333,86.7,14,MIDOC30_2_35,Myctophidae,Gymnoscopelus braueri,30,-23.35,8.44,75.957,3.23,,1,,
-59.9333,86.7,15,MIDOC30_2_36,Myctophidae,Gymnoscopelus braueri,30,-22.88,9.2,111.248,3.2,,1.2,Y (ONE),
-59.9333,86.7,16,MIDOC30_2_37,Myctophidae,Gymnoscopelus braueri,30,-22.81,7.65,55.461,3.23,,0.8,,
-59.9333,86.7,22,MIDOC30_2_21,Myctophidae,Krefftichthys anderssoni,30,-21.49,7.25,67.358,3.43,M,0.8,,
-59.9333,86.7,23,MIDOC30_2_22,Myctophidae,Krefftichthys anderssoni,30,-24.15,6.5,43.163,3.49,M,0.5,,
-59.9333,86.7,24,MIDOC30_2_23,Myctophidae,Krefftichthys anderssoni,30,-25.76,8.44,63.963,3.47,F,0.8,,
-59.9333,86.7,25,MIDOC30_2_25,Myctophidae,Krefftichthys anderssoni,30,-24.47,6.76,57.898,3.59,M,0.6,,
-59.9333,86.7,36,MIDOC30_4_11,Myctophidae,Krefftichthys anderssoni,30,-25.5,7.2,59.613,3.5,F,0.5,,
-59.9333,86.7,9,MIDOC30_2_17,Melanonidae,Melanonus sp,30,,,128.018,,,0.9,,
-59.9333,86.7,10,MIDOC30_2_18,Melanonidae,Melanonus sp,30,-22.96,9.35,151.455,3.2,,0.9,,
-59.9333,86.7,4,MIDOC30_2_11,Myctophidae,Nannobrachium achirus,30,-21.08,10.49,124.181,3.21,,1.8,,
-59.9333,86.7,5,MIDOC30_2_12,Myctophidae,Nannobrachium achirus,30,-21.06,10.4,142.765,3.29,,1.8,Y (ONE),
-59.9333,86.7,6,MIDOC30_2_13,Myctophidae,Nannobrachium achirus,30,,,133.405,,,1.8,,
-59.9333,86.7,7,MIDOC30_2_14,Myctophidae,Nannobrachium achirus,30,,,125.756,,,1.3,,
-59.9333,86.7,37,MIDOC30_4_18,Microstomatidae,Nansenia antarctica,30,-23.36,8.02,200.855,3.2,,1,,Y
-59.9333,86.7,3,MIDOC30_2_10,Gempylidae,Paradiplospinus gracilis,30,-22.07,9.57,305.233,3.27,,1,,
-59.9333,86.7,31,MIDOC30_4_12,Myctophidae,Protomyctophum bolini,30,-23.12,7.84,29.066,3.33,LARVAL,,,
-59.9333,86.7,32,MIDOC30_4_13,Myctophidae,Protomyctophum bolini,30,-22.98,7.69,41.306,3.31,M,0.1,,
-59.9333,86.7,34,MIDOC30_4_15,Myctophidae,Protomyctophum bolini,30,-24.26,7.72,49.014,3.3,M,0.6,Y,
-59.9333,86.7,35,MIDOC30_4_16,Myctophidae,Protomyctophum bolini,30,-23.96,8.59,36.629,3.3,LARVAL,,,
-60.0667,85.75,38,MIDOC31_4_06,Bathylagidae,Bathylagus sp,31,-24.96,9.97,163.601,3.18,,0.7,,
-60.0667,85.75,39,MIDOC31_4_41,Bathylagidae,Bathylagus sp,31,-24.74,10.35,153.651,3.25,,1.1,,
-60.0667,85.75,40,MIDOC31_4_42,Bathylagidae,Bathylagus sp,31,-23.95,10.06,129.551,3.13,,0.7,,
-60.0667,85.75,41,MIDOC31_4_43,Bathylagidae,Bathylagus sp,31,-26.08,9.83,116.837,3.21,,0.5,,
-60.0667,85.75,42,MIDOC31_4_44,Bathylagidae,Bathylagus sp,31,-24.43,10.22,153.338,3.19,,1.4,,
-60.0667,85.75,52,MIDOC31_4_19,Myctophidae,Electrona antarctica,31,-25.66,8.44,80.877,3.26,F,1.4,Y,
-60.0667,85.75,53,MIDOC31_4_20,Myctophidae,Electrona antarctica,31,-23.89,7.8,55.281,3.28,M,1,Y,
-60.0667,85.75,54,MIDOC31_4_21,Myctophidae,Electrona antarctica,31,-26.04,9.04,35.088,3.28,LARVAL,0.5,Y,
-60.0667,85.75,55,MIDOC31_4_22,Myctophidae,Electrona antarctica,31,-25.15,8.79,60.86,3.23,M,1.1,Y,
-60.0667,85.75,56,MIDOC31_4_23,Myctophidae,Electrona antarctica,31,-22.4,7.59,43.869,3.32,LARVAL,0.8,Y,
-60.0667,85.75,45,MIDOC31_4_27,Myctophidae,Gymnoscopelus bolini,31,-23.49,9.1,113.716,3.27,,2.2,Y,
-60.0667,85.75,47,MIDOC31_4_13,Myctophidae,Gymnoscopelus braueri,31,-23.73,8.2,70.804,3.23,,1.7,,
-60.0667,85.75,48,MIDOC31_4_14,Myctophidae,Gymnoscopelus braueri,31,-23.13,9.37,100.06,3.15,,2,,
-60.0667,85.75,49,MIDOC31_4_15,Myctophidae,Gymnoscopelus braueri,31,-24.07,8.52,81.458,3.23,,1.6,,
-60.0667,85.75,50,MIDOC31_4_16,Myctophidae,Gymnoscopelus braueri,31,-24.11,8.75,76.404,3.2,,1.5,,
-60.0667,85.75,51,MIDOC31_4_17,Myctophidae,Gymnoscopelus braueri,31,-24.17,8.68,80.422,3.2,,1.7,,
-60.0667,85.75,57,MIDOC31_4_08,Myctophidae,Krefftichthys anderssoni,31,-26.5,8.57,52.738,3.54,M,0.8,,
-60.0667,85.75,58,MIDOC31_4_09,Myctophidae,Krefftichthys anderssoni,31,-26.65,8.46,60.607,3.54,M,0.9,,
-60.0667,85.75,43,MIDOC31_4_30,Melanonidae,Melanonus sp,31,-24.04,9.28,148.317,3.22,,1.6,,
-60.0667,85.75,44,MIDOC31_4_31,Melanonidae,Melanonus sp,31,-21.91,8.96,143.792,3.28,,1.1,,
-60.0667,85.75,46,MIDOC31_4_25,Myctophidae,Nannobrachium achirus,31,-23.16,9.54,145.959,3.31,,1.9,Y (ONE),
-60.0667,85.75,60,MIDOC31_5_13,Myctophidae,Protomyctophum bolini,31,-24.4,8.15,49.049,3.25,M,0.9,Y,
-60.0667,85.75,61,MIDOC31_5_14,Myctophidae,Protomyctophum bolini,31,-23.49,7.86,29.899,3.3,LARVAL,0.6,,
-60.0667,85.75,62,MIDOC31_5_15,Myctophidae,Protomyctophum bolini,31,-23.96,8.38,43.706,3.28,M,0.8,,
-60.0667,85.75,63,MIDOC31_5_16,Myctophidae,Protomyctophum bolini,31,-23.12,8.38,37.155,3.24,LARVAL,0.5,,
-60.0667,85.75,64,MIDOC31_5_17,Myctophidae,Protomyctophum bolini,31,-23.55,7.87,38.129,3.33,M,0.7,,
-60.3167,83.5893,76,MIDOC32_2_33,Bathylagidae,Bathylagus sp,32,-23.69,10.18,181.853,3.13,,1,,
-60.3167,83.5893,77,MIDOC32_2_34,Bathylagidae,Bathylagus sp,32,-26.29,9.78,104.812,3.23,,0.6,,
-60.3167,83.5893,78,MIDOC32_2_35,Bathylagidae,Bathylagus sp,32,-25.7,10.14,95.748,3.16,,0.5,,
-60.3167,83.5893,79,MIDOC32_2_36,Bathylagidae,Bathylagus sp,32,-25.78,10.27,142.82,3.14,,0.8,,
-60.3167,83.5893,80,MIDOC32_2_37,Bathylagidae,Bathylagus sp,32,-24.31,10.79,161.178,3.15,,0.8,,
-60.3167,83.5893,86,MIDOC32_2_02,Scopelarchidae,Benthalbella elongata,32,-23.38,8.99,160.051,3.21,,2.5,,
-60.3167,83.5893,87,MIDOC32_2_03,Scopelarchidae,Benthalbella elongata,32,-24.05,8.94,219.4,3.13,,3.3,,
-60.3167,83.5893,84,MIDOC32_2_04,Scopelarchidae,Benthalbella macropinna,32,-23.33,9.1,200.399,3.16,,2.2,,
-60.3167,83.5893,85,MIDOC32_2_05,Scopelarchidae,Benthalbella macropinna,32,-24.91,9.19,201.173,3.18,,2,,
-60.3167,83.5893,88,MIDOC32_3_02,Stomiidae,Borostomias antarcticus,32,-23.53,10.71,196.829,3.12,,3,,
-60.3167,83.5893,72,MIDOC32_2_28,Myctophidae,Electrona antarctica,32,-25.61,8.75,101.732,3.17,F,1.8,,
-60.3167,83.5893,73,MIDOC32_2_29,Myctophidae,Electrona antarctica,32,-25.14,8.74,73.846,3.18,F,1.4,,
-60.3167,83.5893,74,MIDOC32_2_30,Myctophidae,Electrona antarctica,32,-25.38,8.41,87.452,3.27,F,1.4,,
-60.3167,83.5893,75,MIDOC32_2_31,Myctophidae,Electrona antarctica,32,-24.91,8.05,52.93,3.33,F,0.6,,
-60.3167,83.5893,92,MIDOC32_3_06,Myctophidae,Gymnoscopelus bolini,32,-22.14,9.47,204.011,3.25,,3.5,Y,
-60.3167,83.5893,67,MIDOC32_2_22,Myctophidae,Gymnoscopelus braueri,32,-24.39,9.89,109.258,3.18,,2,,
-60.3167,83.5893,68,MIDOC32_2_23,Myctophidae,Gymnoscopelus braueri,32,-24.54,8.9,79.875,3.24,,1.7,,
-60.3167,83.5893,69,MIDOC32_2_24,Myctophidae,Gymnoscopelus braueri,32,-23.98,9.69,98.081,3.21,,2,,
-60.3167,83.5893,70,MIDOC32_2_25,Myctophidae,Gymnoscopelus braueri,32,-24.01,10.06,91.754,3.18,,1.7,,
-60.3167,83.5893,91,MIDOC32_3_12,Myctophidae,Gymnoscopelus braueri,32,-24.36,9.19,84.665,3.2,,1.5,,
-60.3167,83.5893,66,MIDOC32_2_21,Myctophidae,Gymnoscopelus nicholsi,32,-23.32,8.24,119.669,3.31,,2,,
-60.3167,83.5893,89,MIDOC32_3_14,Myctophidae,Gymnoscopelus nicholsi,32,-22.63,9.88,137.878,3.27,,2.4,,
-60.3167,83.5893,90,MIDOC32_3_11,Myctophidae,Gymnoscopelus nicholsi,32,-21.52,10.13,128.073,3.29,,2.9,,
-60.3167,83.5893,97,MIDOC32_4_15,Myctophidae,Gymnoscopelus nicholsi,32,-23.48,7.99,118.634,3.36,,2.1,,
-60.3167,83.5893,93,MIDOC32_3_21,Myctophidae,Krefftichthys anderssoni,32,-26.04,7.06,63.182,3.69,F,0.8,,
-60.3167,83.5893,94,MIDOC32_3_22,Myctophidae,Krefftichthys anderssoni,32,-26,7.73,64.173,3.65,M,1,,
-60.3167,83.5893,95,MIDOC32_3_23,Myctophidae,Krefftichthys anderssoni,32,-26.29,7.6,60.424,3.62,F,0.8,,
-60.3167,83.5893,96,MIDOC32_3_24,Myctophidae,Krefftichthys anderssoni,32,-26.03,7.72,65.636,3.55,M,0.8,,
-60.3167,83.5893,100,MIDOC32_2_45,Myctophidae,Krefftichthys anderssoni,32,-25.79,6.93,66.846,3.54,F,1,,
-60.3167,83.5893,81,MIDOC32_2_06,Melanonidae,Melanonus sp,32,-21.84,8.97,129.074,3.2,,1,,
-60.3167,83.5893,82,MIDOC32_2_07,Melanonidae,Melanonus sp,32,-23.17,9.16,152.379,3.23,,1.1,,
-60.3167,83.5893,83,MIDOC32_2_11,Myctophidae,Nannobrachium achirus,32,-23.11,9.56,116.198,3.12,,2.2,,
-60.3167,83.5893,65,MIDOC32_2_20,Gempylidae,Paradiplospinus gracilis,32,-23.24,9.64,342.625,3.18,,2.6,,
-60.81208333,80.35113333,101,MIDOC34_2_02,Bathylagidae,Bathylagus sp,34,-25.48,8.55,179.261,3.24,,1.7,,
-60.81208333,80.35113333,102,MIDOC34_2_03,Bathylagidae,Bathylagus sp,34,-25.52,9.95,144.516,3.2,,0.8,,
-60.81208333,80.35113333,103,MIDOC34_2_04,Bathylagidae,Bathylagus sp,34,-23.64,9.35,105.809,3.16,,0.7,,
-60.81208333,80.35113333,104,MIDOC34_2_06,Bathylagidae,Bathylagus sp,34,-25.62,9.66,61.158,3.18,,0.4,,
-60.81208333,80.35113333,105,MIDOC34_2_07,Bathylagidae,Bathylagus sp,34,-25.88,8.76,80.309,3.23,,0.6,,
-60.81208333,80.35113333,131,MIDOC34_3_27,Scopelarchidae,Benthalbella macropinna,34,,,196.485,,,3,,
-60.81208333,80.35113333,108,MIDOC34_2_11,Stomiidae,Borostomias antarcticus,34,,,225.742,,,4,,
-60.81208333,80.35113333,106,MIDOC34_2_13,Macrouridae,Cyanomacrurus sp,34,-24.44,8.39,213.368,3.2,,1.6,,
-60.81208333,80.35113333,107,MIDOC34_2_14,Macrouridae,Cyanomacrurus sp,34,-22.51,9.64,290.059,3.15,,0.9,,
-60.81208333,80.35113333,118,MIDOC34_2_23,Myctophidae,Electrona antarctica,34,-25.86,8.49,102.178,3.29,,1.6,Y,
-60.81208333,80.35113333,119,MIDOC34_2_24,Myctophidae,Electrona antarctica,34,-25.86,8.51,100.256,3.27,F,1.5,Y,
-60.81208333,80.35113333,120,MIDOC34_2_29,Myctophidae,Electrona antarctica,34,-26.25,8.83,33.528,3.24,LARVAL,0.6,,
-60.81208333,80.35113333,121,MIDOC34_2_26,Myctophidae,Electrona antarctica,34,-25.67,8.04,69.275,3.23,F,1.1,,
-60.81208333,80.35113333,122,MIDOC34_2_27,Myctophidae,Electrona antarctica,34,-24.36,7.82,74.474,3.33,F,1,,
-60.81208333,80.35113333,123,MIDOC34_2_35,Myctophidae,Gymnoscopelus braueri,34,-23.94,8.91,91.919,3.22,,1.3,,
-60.81208333,80.35113333,124,MIDOC34_2_31,Myctophidae,Gymnoscopelus braueri,34,-23.29,9.4,108.918,3.19,,1.6,,
-60.81208333,80.35113333,125,MIDOC34_2_32,Myctophidae,Gymnoscopelus braueri,34,-25.03,9.96,92.386,3.28,,1.5,,
-60.81208333,80.35113333,126,MIDOC34_2_33,Myctophidae,Gymnoscopelus braueri,34,-23.67,7.69,66.711,3.18,,1.4,,
-60.81208333,80.35113333,127,MIDOC34_2_34,Myctophidae,Gymnoscopelus braueri,34,-23.96,9.34,78.335,3.19,,1.4,,
-60.81208333,80.35113333,144,MIDOC34_4_10,Myctophidae,Gymnoscopelus nicholsi,34,-22.32,8.13,137.687,3.3,,1.4,,
-60.81208333,80.35113333,145,MIDOC34_4_11,Myctophidae,Gymnoscopelus nicholsi,34,-23.5,7.72,136.616,3.37,,2,,
-60.81208333,80.35113333,113,MIDOC34_2_17,Myctophidae,Krefftichthys anderssoni,34,-26.52,7.38,54.392,3.73,,0.6,,
-60.81208333,80.35113333,114,MIDOC34_2_18,Myctophidae,Krefftichthys anderssoni,34,-26.09,6.32,67.939,3.6,F,0.8,,
-60.81208333,80.35113333,115,MIDOC34_2_19,Myctophidae,Krefftichthys anderssoni,34,-25.53,6.47,71.184,3.57,F,0.8,,
-60.81208333,80.35113333,116,MIDOC34_2_20,Myctophidae,Krefftichthys anderssoni,34,-26.4,6.8,59.179,3.58,F,0.8,,
-60.81208333,80.35113333,117,MIDOC34_2_21,Myctophidae,Krefftichthys anderssoni,34,-26.18,6.7,64.379,3.65,M,0.8,,
-60.81208333,80.35113333,110,MIDOC34_2_09,Melanonidae,Melanonus sp,34,-23.77,8.56,147.101,3.2,,1,,
-60.81208333,80.35113333,111,MIDOC34_2_10,Melanonidae,Melanonus sp,34,-22.98,8.44,151.86,3.23,,0.7,,
-60.81208333,80.35113333,112,MIDOC34_2_15,Myctophidae,Nannobrachium achirus,34,,,124.549,,,2.3,Y,
-60.81208333,80.35113333,128,MIDOC34_2_44,Paralepididae,Notolepis sp,34,,,106.455,,,0.8,,
-60.81208333,80.35113333,129,MIDOC34_2_45,Paralepididae,Notolepis sp,34,,,78.374,,,0.5,,
-60.81208333,80.35113333,130,MIDOC34_2_46,Paralepididae,Notolepis sp,34,,,79.638,,,0.4,,
-60.81208333,80.35113333,133,MIDOC34_3_25,Paralepididae,Notolepis sp,34,,,89.975,,,0.7,,
-60.81208333,80.35113333,134,MIDOC34_3_26,Paralepididae,Notolepis sp,34,-25.73,7.19,73.471,3.23,,0.4,,
-60.81208333,80.35113333,109,MIDOC34_2_12,Gempylidae,Paradiplospinus gracilis,34,,,325.448,,,3,,
-60.81208333,80.35113333,141,MIDOC34_4_29,Myctophidae,Protomyctophum bolini,34,-24.11,10.66,47.721,3.28,F,0.6,Y,
-60.81208333,80.35113333,142,MIDOC34_4_30,Myctophidae,Protomyctophum bolini,34,-23.98,8.4,48.363,3.17,M,0.7,,
-60.81208333,80.35113333,143,MIDOC34_4_31,Myctophidae,Protomyctophum bolini,34,-24.32,8.42,52.234,3.25,M,0.7,Y,
-61.2323,78.04985,162,MIDOC35_2_25,Bathylagidae,Bathylagus sp,35,-24.46,9.22,173.679,3.22,,0.6,,
-61.2323,78.04985,165,MIDOC35_2_28,Bathylagidae,Bathylagus sp,35,-24.61,10.74,103.177,3.19,,0.8,,
-61.2323,78.04985,166,MIDOC35_2_29,Bathylagidae,Bathylagus sp,35,-24.23,9.98,79.912,3.24,,0.3,,
-61.2323,78.04985,146,MIDOC35_2_02,Macrouridae,Cyanomacrurus sp,35,-23.39,10.45,294.349,3.21,,1.9,,
-61.2323,78.04985,147,MIDOC35_2_03,Macrouridae,Cyanomacrurus sp,35,-23.51,9.21,258.993,3.14,,1.5,,
-61.2323,78.04985,171,MIDOC35_3_27,Macrouridae,Cyanomacrurus sp,35,,,130.045,,,1.4,,
-61.2323,78.04985,164,MIDOC35_2_31,Gonostomatidae,Cyclothone sp,35,-23.31,11.51,59.043,3.56,,0.4,,
-61.2323,78.04985,189,MIDOC35_6_23,Gonostomatidae,Cyclothone sp,35,-22.19,9.4,60.246,3.23,,0.6,,
-61.2323,78.04985,190,MIDOC35_6_24,Gonostomatidae,Cyclothone sp,35,-24.45,10.62,50.916,3.39,,0.4,,
-61.2323,78.04985,191,MIDOC35_6_25,Gonostomatidae,Cyclothone sp,35,-22.45,10.99,54.128,3.31,,0.8,,
-61.2323,78.04985,192,MIDOC35_6_26,Gonostomatidae,Cyclothone sp,35,,,63.087,,,0.6,,
-61.2323,78.04985,193,MIDOC35_6_27,Gonostomatidae,Cyclothone sp,35,-22.84,8.19,56.336,3.33,,0.7,,
-61.2323,78.04985,175,MIDOC35_3_38,Myctophidae,Electrona antarctica,35,-25.71,8.91,102.921,3.26,F,1.1,Y,
-61.2323,78.04985,177,MIDOC35_3_40,Myctophidae,Electrona antarctica,35,-25.41,8.13,78.593,3.19,M,0.8,Y,
-61.2323,78.04985,178,MIDOC35_3_41,Myctophidae,Electrona antarctica,35,-24.82,7.22,75.458,3.21,M,0.8,Y (ONE),
-61.2323,78.04985,179,MIDOC35_3_42,Myctophidae,Electrona antarctica,35,-25.23,8.26,60.604,3.53,F,0.7,Y,
-61.2323,78.04985,148,MIDOC35_2_6,Myctophidae,Gymnoscopelus bolini,35,-24.1,9.08,194.952,3.48,,2.2,Y,
-61.2323,78.04985,149,MIDOC35_2_7,Myctophidae,Gymnoscopelus bolini,35,-22.74,9.95,173.146,3.34,,2.2,Y,
-61.2323,78.04985,150,MIDOC35_2_8,Myctophidae,Gymnoscopelus bolini,35,-23.4,9.36,148.298,3.19,,1.9,,
-61.2323,78.04985,153,MIDOC35_2_11,Myctophidae,Gymnoscopelus braueri,35,-24.77,8.35,86.456,3.1,,1.1,,
-61.2323,78.04985,154,MIDOC35_2_12,Myctophidae,Gymnoscopelus braueri,35,-24.1,9.22,80.743,3.17,,0.9,,
-61.2323,78.04985,155,MIDOC35_2_13,Myctophidae,Gymnoscopelus braueri,35,-24.08,7.54,75.775,3.25,,1.1,,
-61.2323,78.04985,156,MIDOC35_2_14,Myctophidae,Gymnoscopelus braueri,35,-24.11,7.62,72.208,3.34,,1.1,,
-61.2323,78.04985,170,MIDOC35_3_04,Myctophidae,Gymnoscopelus braueri,35,-23.86,9.1,88.263,3.31,,1.4,,
-61.2323,78.04985,168,MIDOC35_3_02,Myctophidae,Gymnoscopelus hintonoides,35,-23.12,9.08,115.822,3.32,,1.5,Y,
-61.2323,78.04985,180,MIDOC35_4_14,Myctophidae,Gymnoscopelus hintonoides,35,-24.47,8.82,101.322,3.46,,1.2,Y,
-61.2323,78.04985,186,MIDOC35_5_1,Myctophidae,Gymnoscopelus nicholsi,35,-23.71,9.53,147.158,3.45,,1.9,,
-61.2323,78.04985,187,MIDOC35_5_2,Myctophidae,Gymnoscopelus nicholsi,35,-22.79,8.39,143.218,3.36,,1.8,,
-61.2323,78.04985,188,MIDOC35_5_03,Myctophidae,Gymnoscopelus nicholsi,35,-22.74,9.5,135.658,3.52,,2.1,,
-61.2323,78.04985,152,MIDOC35_2_10,Myctophidae,Gymnoscopelus opisthopterus,35,-26.35,9,136.684,3.19,,1.5,Y,
-61.2323,78.04985,167,MIDOC35_3_01,Myctophidae,Gymnoscopelus opisthopterus,35,-26.07,9.73,152.623,3.55,,1.4,Y,
-61.2323,78.04985,157,MIDOC35_2_19,Myctophidae,Krefftichthys anderssoni,35,-26.63,7.29,41.19,3.42,F,0.4,,
-61.2323,78.04985,158,MIDOC35_2_20,Myctophidae,Krefftichthys anderssoni,35,-25.86,7.6,62.705,3.63,F,0.7,,
-61.2323,78.04985,159,MIDOC35_2_21,Myctophidae,Krefftichthys anderssoni,35,-26.67,6.92,54.089,3.91,M,0.6,,
-61.2323,78.04985,160,MIDOC35_2_22,Myctophidae,Krefftichthys anderssoni,35,-26.37,7.68,61.839,3.57,M,0.6,,
-61.2323,78.04985,161,MIDOC35_2_23,Myctophidae,Krefftichthys anderssoni,35,-25.93,7.18,68.981,3.44,M,0.6,,
-61.2323,78.04985,173,MIDOC35_3_44,Melanonidae,Melanonus sp,35,-23.81,9.06,164.87,3.32,,1,,
-61.2323,78.04985,174,MIDOC35_3_45,Melanonidae,Melanonus sp,35,-23.06,9.17,148.584,3.21,,1.2,,
-61.2323,78.04985,172,MIDOC35_3_50,Paralepididae,Notolepis sp,35,-26.69,6.91,127.785,3.31,,0.8,,
-61.2323,78.04985,183,MIDOC35_4_15,Gempylidae,Paradiplospinus gracilis,35,-23.12,9.61,325.209,3.32,,2.2,,
-61.2323,78.04985,181,MIDOC35_4_12,Myctophidae,Protomyctophum bolini,35,-24.69,8.65,47.683,3.31,M,0.7,,
-61.2323,78.04985,182,MIDOC35_4_13,Myctophidae,Protomyctophum bolini,35,-24.6,8.16,42.492,3.25,,0.6,,
-61.2323,78.04985,184,MIDOC35_5_11,Myctophidae,Protomyctophum bolini,35,-24.37,8.53,37.762,3.38,,0.4,,
-61.2323,78.04985,185,MIDOC35_5_12,Myctophidae,Protomyctophum bolini,35,-24.96,9.3,48.797,3.42,M,0.8,,
-61.75075,74.59776667,199,MIDOC36_2_13,Bathylagidae,Bathylagus sp,36,-24.7,9.87,173.039,3.22,,0.9,,
-61.75075,74.59776667,200,MIDOC36_2_21,Bathylagidae,Bathylagus sp,36,-24.35,10.67,84.585,3.21,,0.5,,
-61.75075,74.59776667,201,MIDOC36_2_15,Bathylagidae,Bathylagus sp,36,-24.46,11,90.934,3.22,,0.5,,
-61.75075,74.59776667,202,MIDOC36_2_16,Bathylagidae,Bathylagus sp,36,-25.67,9.75,127.465,3.26,,0.6,,
-61.75075,74.59776667,203,MIDOC36_2_17,Bathylagidae,Bathylagus sp,36,-24.65,9.36,138.033,3.22,,0.8,,
-61.75075,74.59776667,210,MIDOC36_3_03,Scopelarchidae,Benthalbella elongata,36,-23.47,9.6,189.081,3.38,,2.9,,
-61.75075,74.59776667,208,MIDOC36_2_11,Scopelarchidae,Benthalbella macropinna,36,-24.31,9.58,166.739,3.17,,2.6,,
-61.75075,74.59776667,211,MIDOC36_5_01,Scopelarchidae,Benthalbella macropinna,36,-24.47,9.03,194.564,3.28,,2.8,,
-61.75075,74.59776667,204,MIDOC36_2_08,Macrouridae,Cyanomacrurus sp,36,-22.63,10.15,381.085,3.1,,3,,
-61.75075,74.59776667,205,MIDOC36_2_09,Macrouridae,Cyanomacrurus sp,36,-22.33,8.64,264.153,3.09,,2.4,,
-61.75075,74.59776667,206,MIDOC36_2_12,Macrouridae,Cyanomacrurus sp,36,-23.38,9.72,140.543,3.25,,1.5,,
-61.75075,74.59776667,213,MIDOC36_5_21,Myctophidae,Electrona antarctica,36,-26.62,8.92,31.876,3.42,LARVAL,0.3,,
-61.75075,74.59776667,214,MIDOC36_5_32,Myctophidae,Electrona antarctica,36,-24.99,8.48,45.707,3.35,LARVAL,0.6,Y,
-61.75075,74.59776667,215,MIDOC36_5_19,Myctophidae,Electrona antarctica,36,-24.72,8.63,72.999,3.22,F,0.8,Y,
-61.75075,74.59776667,216,MIDOC36_5_30,Myctophidae,Electrona antarctica,36,-25.56,7.87,42.613,3.42,M,0.8,Y,
-61.75075,74.59776667,217,MIDOC36_5_31,Myctophidae,Electrona antarctica,36,-24.12,7.92,44.937,3.4,M,0.7,Y,
-61.75075,74.59776667,225,MIDOC36_5_13,Myctophidae,Gymnoscopelus braueri,36,-24.07,9.34,111.916,3.22,,1.5,,
-61.75075,74.59776667,226,MIDOC36_5_14,Myctophidae,Gymnoscopelus braueri,36,-25.63,8.97,80.845,3.3,,1.4,,
-61.75075,74.59776667,227,MIDOC36_5_15,Myctophidae,Gymnoscopelus braueri,36,-23.54,9.35,104.115,3.35,,1.7,,
-61.75075,74.59776667,228,MIDOC36_5_16,Myctophidae,Gymnoscopelus braueri,36,-23.57,9.29,82.136,3.34,,1.3,,
-61.75075,74.59776667,229,MIDOC36_5_17,Myctophidae,Gymnoscopelus braueri,36,-23.78,8.64,91.288,3.35,,1.3,,
-61.75075,74.59776667,194,MIDOC36_2_02,Myctophidae,Krefftichthys anderssoni,36,-26.29,6.08,55.225,3.5,M,0.7,,
-61.75075,74.59776667,195,MIDOC36_2_03,Myctophidae,Krefftichthys anderssoni,36,-26.39,8.92,63.823,3.61,F,0.7,,
-61.75075,74.59776667,196,MIDOC36_2_04,Myctophidae,Krefftichthys anderssoni,36,-26.53,6.73,61.507,3.72,M,0.6,,
-61.75075,74.59776667,197,MIDOC36_2_05,Myctophidae,Krefftichthys anderssoni,36,-26.75,7.45,66.39,3.72,M,0.5,,
-61.75075,74.59776667,198,MIDOC36_2_06,Myctophidae,Krefftichthys anderssoni,36,-26.79,7,65.085,3.67,F,0.6,,
-61.75075,74.59776667,207,MIDOC36_2_10,Paralepididae,Notolepis sp,36,-26.07,6.89,104.315,3.24,,0.5,,
-61.75075,74.59776667,209,MIDOC36_3_34,Paralepididae,Notolepis sp,36,-25.92,7.75,92.38,3.17,,0.6,,
-61.75075,74.59776667,220,MIDOC36_5_23,Myctophidae,Protomyctophum bolini,36,-24.24,8.75,50.07,3.25,F,0.9,,
-61.75075,74.59776667,221,MIDOC36_5_24,Myctophidae,Protomyctophum bolini,36,-24.67,8.46,47.06,3.36,M,0.6,,
-61.75075,74.59776667,222,MIDOC36_5_25,Myctophidae,Protomyctophum bolini,36,-24.78,8.36,46.388,3.34,M,0.7,,
-61.75075,74.59776667,223,MIDOC36_5_26,Myctophidae,Protomyctophum bolini,36,-25.01,8.84,42.24,3.37,M,0.6,,
-61.75075,74.59776667,224,MIDOC36_5_27,Myctophidae,Protomyctophum bolini,36,-25.27,9.04,50.081,3.39,F,0.7,,
